<beans xmlns="http://www.springframework.org/schema/beans"
	xmlns:xsi="http://www.w3.org/2001/XMLSchema-instance"
	xmlns:context="http://www.springframework.org/schema/context"
	xsi:schemaLocation="http://www.springframework.org/schema/beans
    http://www.springframework.org/schema/beans/spring-beans-3.0.xsd
    http://www.springframework.org/schema/context
    http://www.springframework.org/schema/context/spring-context-3.0.xsd">

	<bean id="employee" class="com.info.springcore.Employee"><!-- Employee employee=new Employee(); -->
		<constructor-arg name="empId" value="111"></constructor-arg>
		<constructor-arg name="empName" value="manoj"></constructor-arg>
		<constructor-arg name="empSal" value="50000"></constructor-arg>
	</bean>



</beans>