<beans xmlns="http://www.springframework.org/schema/beans"
	xmlns:xsi="http://www.w3.org/2001/XMLSchema-instance"
	xmlns:context="http://www.springframework.org/schema/context"
	xsi:schemaLocation="http://www.springframework.org/schema/beans
    http://www.springframework.org/schema/beans/spring-beans-3.0.xsd
    http://www.springframework.org/schema/context
    http://www.springframework.org/schema/context/spring-context-3.0.xsd">

<!-- 	<bean id="employee" class="com.info.springcore.Employee" autowire="constructor">Employee employee=new Employee();
		<constructor-arg name="empId" value="111"></constructor-arg>
		<constructor-arg name="empName" value="manoj"></constructor-arg>
		<constructor-arg name="empSal" value="50000"></constructor-arg>
		<constructor-arg name="address" ref="add"></constructor-arg>
	</bean>

	<bean id="add" class="com.info.springcore.Address">Employee employee=new Employee();
		<constructor-arg name="hno" value="21"></constructor-arg>
		<constructor-arg name="city" value="hyderabad"></constructor-arg>
		<constructor-arg name="state" value="telanagana"></constructor-arg>
	</bean> -->
	<bean id="employee" class="com.info.springcore.Employee" autowire="byType">
		<property name="empId" value="111"></property>
		<property name="empName" value="manoj"></property>
		<property name="empSal" value="50000"></property>
	<!-- 	<property name="address" ref="add"></property> -->
	</bean>

	<bean id="add" class="com.info.springcore.Address">
		<property name="hno" value="21"></property>
		<property name="city" value="hyderabad"></property>
		<property name="state" value="telanagana"></property>
	</bean>


</beans>